band,min,max
0,-31.37558421786973,8.637236855256248
1,-46.751626913813,8.421717699374621
